,peptide_seq,is_peptide
0,YVHDNC,1
1,PKPEPKPK,1
2,KQLGRIML,0
3,AALEAKIC,0
4,AAGAVMRGFVFT,1
5,AGRGRPGPGL,0
6,HFHHPETSRPDSN,1
7,DSRGNPTVE,1
8,GEVQEPNQ,0
9,IDLTKMEKILP,0
10,DIGDTVEDPYTSF,0
11,FPSDEF,1
12,GEAWDLAGVEPDI,1
13,DQRTGREQ,1
14,QPHGGGWGQP,0
15,PTPPGKTGPSA,1
16,APRSFS,0
17,NKPVTDNPVTDRL,1
18,LFKDGKLLPAI,0
19,ILGAVAMI,0
20,ASHTVGFTPP,0
21,SFDGTFLW,1
22,VTAGANPMDL,0
23,LKCHKLVPPV,1
24,ELRPELSWLGHE,1
25,MKLKKPVAFSD,1
26,LVWIYGGG,0
27,EALTKHFQD,1
28,LQPPVVLGPPA,0
29,IRKCLGEYLKGLENE,1
30,DIGGNRR,1
31,KCAGNEDI,1
32,LIYYTDFSNSSIA,1
33,KSVSFYTRKDGQ,1
34,GLGEKPKE,0
35,TGQEGFIPFNFVA,0
36,KNVDKAPFNGMTG,0
37,KLGLNK,1
38,ISKEDGEVKDY,0
39,LFLRKRQPDGP,0
40,GRPKGKLGPASA,1
41,KASITEIKADKT,1
42,TECLSWALNTGQD,0
43,PTSKPQTQGL,0
44,GHMRGSLLTLQRL,0
45,ESSQAS,0
46,EKGKE,0
47,TTAETLDATR,1
48,PIRDPKTEQD,0
49,EIRKGESRSEALAV,0
50,ASGQVK,1
51,TRKDAGSQQVG,0
52,PRQGRRVLL,0
53,DANAAMFA,0
54,ANYNHSDEYLSFS,0
55,GMEFSRSKSDNSS,1
56,KIFKLGGR,0
57,LLGIIGN,0
58,NQKNVRTLEEWE,1
59,PFFRNMNFKRLEA,0
60,YNDNKMVD,0
61,FNPCEDI,1
62,GGAGSGGAGGTS,1
63,RTQQVEQDM,0
64,YIGVAPRKAIPA,1
65,ASYKPSKEESTSGS,1
66,AEHVLALTML,0
67,SRHTE,0
68,LLAAHASARQQWELQ,0
69,QLELPAVTPEDDGE,1
70,TFASEWL,0
71,LVGEVPSSMTTE,0
72,GYKLNV,1
73,ENYNK,0
74,PLEEKASPPIET,0
75,SAEGAAKEEP,0
76,AADPDTLLQI,1
77,TSTEAATAATDS,0
78,PSPTPT,0
79,LNNNYLMSGK,0
80,GGGGGGGSN,1
81,SGVKEIIQEKQNKH,1
82,NFAVEAANYQDTIGR,0
83,NQGVRTYVDPFTY,1
84,LEDHFSS,0
85,NAPNSHYEE,0
86,LLDASYSSCYV,0
87,SRFYPDLPGQAK,1
88,RGGGGGGAG,1
89,AALVLAKLGK,1
90,ASIPTMKIALKT,0
91,AKDISFQNYT,1
92,WYIPPLSPVV,1
93,VSSAKEKSSPSA,1
94,PACGKN,0
95,WGQGG,1
96,ADFEVIFE,0
97,KWASLWNW,0
98,IKEGDCPVQSGKT,0
99,KQKIIR,1
100,KCCVFSCGKK,0
101,SELSQLS,1
102,SKEKNKD,0
103,STNSAIQVYNV,0
104,SGYLVDSVAKTMD,1
105,SIIVKL,0
106,ELDEISTNIRQAG,0
107,AFFLAFFLD,0
108,WNPEDFDNVT,1
109,PAFGPALPAGGG,1
110,PAKSAPAPKK,1
111,SPMPATLSPSTIP,0
112,PKKKKSRR,0
113,TDERGTPEYN,0
114,SYLRYTGTPIPDN,0
115,KAPQWPPY,1
116,LMTPVSNFMNEKG,0
117,ERQQVQQHEQ,0
118,FLFDGSPTYV,1
119,DQYNNQNTF,1
120,FAVVK,1
121,FNPVYP,1
122,ALVKYVCCST,0
123,RSCCSR,0
124,SAKEK,1
125,EGIQLLASNASAQ,1
126,AVYENELVAARD,0
127,ANPSRGGGG,1
128,KRAHGQDLGTLGSCL,1
129,ENMTPQD,1
130,ASTNTSNKSDTN,1
131,FEEINGIRRP,1
132,FSAALQKLSSHLQP,0
133,ITNMLDTLMQA,1
134,AKASKAKKREALIAC,1
135,CATLKRTHDWD,0
136,QRKVAP,1
137,MIIVSSCAV,1
138,GEVAGNVFVGTPT,0
139,YLLPAIVHI,1
140,ASTSAGRKRK,1
141,SSKPA,1
142,VRTPSWAVDMMR,0
143,PSAALTTMQL,1
144,LLRRQVNEVA,1
145,TVNDMPVGRNV,1
146,KKCPKKASFASA,1
147,ASIAGMFLTT,1
148,AENSAIKVPLENGS,1
149,PRRRAGICFGDSGG,0
150,STWYGKPTGAGPK,1
151,MPVDPDNEA,0
152,SEATVAESDSF,1
153,EADDPTSGFSSIPD,1
154,DCDAHGTLTASII,0
155,MADAPCELRYLDD,0
156,FSHHDRLGFLTFCPT,0
157,KYNGNLNTIRTR,0
158,ANVLAQAIS,0
159,VKGQDMLS,0
160,VLNGGKYSFGTA,1
161,NLSGRGDK,0
162,ELKNK,0
163,EKSNINIDF,0
164,EDTNEVTKN,0
165,AKEKPQEGT,0
166,IDPWI,1
167,ETYENIPGQSKI,1
168,LVRSKL,0
169,ELKTVVNRFNAENS,0
170,LLIEERDTMETID,1
171,RQFKVVT,1
172,RHPRSLFPEF,0
173,HEFFEHE,1
174,REMKKRVEDL,0
175,IASKMLARYVGK,0
176,AKEERRYLRDER,1
177,RRTMLV,0
178,TLNELPNRT,0
179,LLISKAEDYRSYR,0
180,IETANVIGVRFN,0
181,CETNTGEV,1
182,NNNTTQG,1
183,VGRSAVTGPGELW,0
184,SDDEAS,0
185,IEIGTVG,1
186,GMTRDIYETDYYR,1
187,KSKNPLLYDANYFVC,1
188,NPGSFGLVRS,0
189,ACHEFFE,0
190,FIPIFVLFFLIWVY,0
191,GVTTV,1
192,GFSPEEMEAVASKFR,1
193,RDATKITLAPSS,1
194,GVEAKRIFKKD,1
195,DVTIQHPWFKRTLGP,0
196,QVVHVETHRCNI,1
197,WLKPYVDLQAYED,0
198,NLASWREAS,1
199,ASPPLT,0
200,RSKGQESFKKQEK,1
201,QLEAVNLHEVKHF,0
202,ALTWVQTHI,0
203,SLYGTTLE,1
204,NEDQSTQNTD,0
205,FHKGTYSLRAGHM,0
206,ATAFTSEGIQLLA,0
207,RKQQFIGLKSED,0
208,KASEKIFYV,1
209,ALDNPEYHNASNG,1
210,THKANPSPEPNMHEC,1
211,LNDGAME,0
212,VLWDQQHKFPVF,0
213,ILSDVQ,0
214,EDVPLLED,1
215,RARMAQRLDGAR,0
216,EEAKKFLAPK,1
217,TPNLTTAHGAGS,1
218,VDIPEN,1
219,KDKTLEHKEV,0
220,ILGAVTLLL,1
221,LQKRGIVEQ,0
222,NLFSTEDS,0
223,DALVAKAQEVS,1
224,ITVICPWEAFNHL,1
225,GKKVDLYG,0
226,QFNPKFMTFASA,1
227,GDAKGDKA,0
228,VGTRPSNH,1
229,LLAIFKKALPAL,0
230,DEEDDDEDDDDDD,0
231,TCPDKKSTA,1
232,GIMQLKSEIKQVE,1
233,YIGEVLVSV,1
234,KSAPSASASPTE,1
235,AKGRP,1
236,THYGSL,1
237,VYALKRQGRTLY,0
238,FFAVILG,0
239,QFYKRPQG,0
240,GEFMFDFDGDEIF,1
241,FPALTHLI,0
242,RTGYIPLGGRSNT,1
243,NADIDLEPEA,0
244,LATVYVD,0
245,NLAQLVVMVLV,0
246,NFGSQRFSKIASN,0
247,EEIKKTTLASA,1
248,ITGNSPAGGCII,0
249,ADAPMFVMGVNHEKY,1
250,RPGSSSSAQC,0
251,AATPYH,0
252,MSWQAYV,1
253,YGGWSLDLQMQEA,0
254,AKEEPKRRSA,1
255,GTGIKPFLE,1
256,KGNLERECVEE,0
257,LQIAQMVVGMFTEV,0
258,APLYKKIIKKLLES,1
259,FFIVMG,0
260,GNYYKDIKQYVFTT,1
261,YLTRDWSILGPHH,1
262,KSSAPSASVPA,1
263,SVELGGLFKSGTG,1
264,QRVEFIPFM,0
265,TDTNFHRDITFR,0
266,SCVVTC,0
267,DFGFPEHLL,1
268,LGDNDYCLRE,0
269,MKKISSVIAIA,0
270,YTAVAPPAPVYRSAE,0
271,NGIGVTQ,0
272,FGNDGSNFGGGG,1
273,RDRDRDRE,1
274,LNPKTNKWEDK,1
275,VSSEP,0
276,SAEPHKAAVDV,1
277,VLELAA,1
278,EDQYHYLLDR,1
279,EAENGRD,0
280,KDYKTMVKFCN,1
281,NCCRSCNPYS,0
282,GLFRAAVPSGAS,0
283,PPGSVVHLYRD,1
284,GRQNIDFSNVDI,0
285,DPDKDVDIMV,1
286,PFGLLIFVYDE,0
287,TLSFVCP,0
288,GNPPRPSLEPE,0
289,AYPTLSEIKGV,0
290,ILDTSNPVK,1
291,AFLRDEADF,1
292,FTNRRCDSNATNAR,1
293,EEEEDGEM,1
294,VNLDVKHFSPEEL,0
295,SNSKVE,1
296,VGLALSYRLNMLVPY,0
297,WLTDWERDESGENHC,0
298,TLNDLEAEVCT,0
299,EIPVDLL,1
300,GYLTRRLVDVAQD,0
301,LECHN,0
302,NRKAPTTVS,0
303,IEVQTTR,0
304,MEGLGTDITVICP,0
305,GTISPTEETYPDV,0
306,YQQYQDATADEQG,1
307,ASDVWSYGIVMWE,1
308,GDMATELFSP,1
309,SSPGRGGGGGGR,1
310,QSLVGDIGNVNM,0
311,ISDGPSKVTL,1
312,YLGYLE,0
313,KSGALSKEILEEL,0
314,CAYGAPQSIT,0
315,SSVMASPGG,0
316,IVIRGLNTIP,0
317,FAGRLIELSQEG,1
318,CYKKVWRDHRGTI,1
319,YRGKKRSEAPPHIFS,0
320,PPCAAAASPP,0
321,KKGNFNYVEFTRI,1
322,KPVSFTVKETVCP,0
323,IDFEIDSAI,0
324,AKAGLTLQQQHQ,0
325,TFGLQLELT,1
326,RKIAKDEGAK,1
327,PSLMYVGHAVHYV,0
328,DPKAYAQHVFRSF,1
329,TDDVELAL,0
330,KTNMK,1
331,YRLCHD,0
332,ELLRRYPLEDHT,0
333,YVHRDLAARN,1
334,LEGAAR,1
335,GHFRW,0
336,LDKAFHLLL,1
337,ARMGPSVGSQ,1
338,SFVMESVAGRDMA,0
339,QDCPECTLQE,0
340,LNMEDYVNMFV,0
341,AFLETHLDKHNIY,0
342,RSFTLASSETGVG,1
343,GTSFFTWFMVIAL,1
344,PVNAKFLQS,1
345,KISFAKK,1
346,GDNQLQVQHT,0
347,EHATGEACWWTIH,1
348,SEKSEEIN,1
349,GGGGEFYGYMTMD,1
350,CRWSVRLSVPSL,1
351,WQEPLRVSIEFV,0
352,PKKAK,1
353,FQCRICMRN,0
354,SSQNPWQRLV,1
355,KEKSKFQ,0
356,PSSTSGSYG,0
357,EERMPPSLQERV,0
358,DKELE,1
359,CAPDRCPPTC,0
360,KVVNGRTV,1
361,LVILFGPCI,0
362,DVVSSQKVWF,0
363,FRAAV,0
364,VLGAGRGPLVNA,1
365,ELGVTFNYNLA,0
366,EGQDP,0
367,AESVHSIYHADCHI,0
368,EFDKATKK,1
369,DWRDAEKCDIC,1
370,FFGFIWWLIAYIR,0
371,KAKDAEKKKAKTD,1
372,ENFTETDIK,0
373,FMEMIR,0
374,NTQIYTLN,0
375,TSAEDK,1
376,EWGWS,1
377,PPSSQF,1
378,DMNTENGGWTV,0
379,DKKDKEDK,1
380,SIKTEQRN,0
381,KEDPGPARVIY,0
382,SCRRIKQAFQGA,1
383,VCLNGVFDLS,0
384,PTVPAA,0
385,QVYPPVGAASTPTK,0
386,FPLGGIGVTDTY,0
387,VQEGVQQEGAQQP,1
388,HLHRFFSS,1
389,AVAAIAFSTLFY,1
390,KGNIKICMGKSTY,0
391,CPECRPLGLQGCAFQ,1
392,SGASAQSGT,0
393,PFNSLL,0
394,VPESGEDREDA,1
395,STQTNKPSTKPR,0
396,NCPELRPELSWL,0
397,EESGPSRLNN,1
398,LKKMQANNAK,0
399,ESYIGSINNITKQSA,1
400,HQEEDFRVTCKDIQR,1
401,DGDNLFPKVA,0
402,VKHVEKKLDMLDR,1
403,AQPHEPGSYTNVF,1
404,AAAAAAALLPGAT,0
405,KNEEGAPQE,1
406,TIKQHT,0
407,TTRGKRKRVDVEES,1
408,MVYSK,0
409,SFLQHKTG,0
410,ATLKRTHDWDPL,1
411,LNMTVMKQLGEVRRF,0
412,DGEGLSTQCECNI,1
413,GLVGRPKSKL,1
414,MDSEFFQPVYPRH,0
415,AGAPSAEQRER,1
416,IHESIRWTKDP,1
417,GKNYSC,1
418,AGSCS,0
419,TAGSS,0
420,KEIIQEKQNK,1
421,IIAAILAM,0
422,TKQIAVAITEALR,0
423,LGGNSSP,1
424,ATASTM,0
425,PWCGH,0
426,KALRENP,1
427,QVVMKHNAVIEH,0
428,GVINE,1
429,MEVGWYRSPFSRVV,0
430,WSPCSVTCG,1
431,QLHHSPRLQPIP,0
432,NIFEYQVDAQ,1
433,EGVVAAAEKTKQG,0
434,YLLSSLINGSFL,0
435,QAAGNNMAQTDSA,0
436,RERRRSRS,0
437,NTEHLVDSFQE,1
438,FEEINGIRKP,1
439,TTDVRYK,0
440,PSSRRTTLCGTLD,1
441,FYQDVKD,1
442,YLLAHSDAYN,1
443,YEYDEEDRRR,1
444,RVLMDQVAADNAF,0
445,KTIFSEYANH,0
446,KSGNANSSSSA,0
447,FEEVNGIRRP,1
448,TKTDVALA,1
449,CIKEAHLPPG,0
450,GFKATLPPF,0
451,TAHEDRHIKFFDN,0
452,RGDLQVLA,1
453,QEQQNLRQCQEYIK,1
454,YANETCCDFFTNQ,1
455,AGFFLLT,1
456,TTQLWDLTGF,0
457,AKHAVSEGT,0
458,DNLAPMSDGAVQPDG,1
459,EEEEEEEGAGDG,0
460,HSDSIRIL,0
461,LFYTINLIIP,0
462,KVYERCEFARTLK,1
463,ANVVGTRQ,1
464,EVIETASE,0
465,RHVKPTGSAVVG,0
466,YMTSIPVNAFQGLCN,0
467,YPNDSVYANWMLS,1
468,MPEGLTPDLVQE,0
469,PSDDV,1
470,PDPLSPGE,1
471,GVQRVTITD,0
472,ITHMHKVDHA,1
473,KEGYLVDKNT,1
474,DTKVMKCVLEVISD,1
475,SGSGPVRITG,1
476,QQATQGTSGQAPQL,0
477,RVQHASPAGAYAH,0
478,QLNEYCKMPLKLL,0
479,KEGTRMRAPDYTT,1
480,IFYDVFFAVANGN,1
481,YIHEGLK,1
482,AREKYQDNI,0
483,STQFDAAHPT,1
484,WDPAEFGNVT,1
485,LKVIRK,1
486,PPGFRGPTEYYD,0
487,DKDLDSFSEGS,0
488,TWHEALR,1
489,HFRWG,1
490,GLWPIN,0
491,APAKCSAPSSA,1
492,ASMLSKHTAFSS,1
493,EAATEAEKQLQQYAE,1
494,VGFKDSL,0
495,EIHSKTKS,1
496,NCAIP,0
497,ADNKVVCS,1
498,DPICTFIFS,0
499,VLRIQPLRTPRDE,0
500,AVVRFQEAANKQK,1
501,ILSVSSFLFV,1
502,KDKYKQLFLG,0
503,SRVLDGLVMTTIS,0
504,EKLGKLQYSLDYD,1
505,LVLTCQQSAPLEE,1
506,PKKRVVPNFERKG,1
507,LFGLGAVTASAVW,0
508,IVKWDRDM,1
509,KEETIIEVELTN,0
510,FTPDPYQVPF,1
511,SEESAEVATEEV,1
512,APGANQEGGAA,1
513,LGSDPT,1
514,MLGALALTTVMSPCG,0
515,TEISLKDS,1
516,AQIWTAMMYSVK,1
517,HGKHNERQDDHGYIS,1
518,SGTASKMAPVSA,1
519,QDKILTHYENDSTD,1
520,SGRHGFFG,0
521,IASKNFAI,0
522,ATLVVNRIRGGF,1
523,REQNLGLA,1
524,GVLSVVAAGNE,1
525,YLRAKFSRSAETA,0
526,DIYPSCKISNTCPPD,1
527,GSSRCECEDGYYR,0
528,AIKAWVAKRPPTDL,1
529,QKVQAAGNNMAQT,1
530,SYTYTVYR,1
531,KKWGFCP,0
532,AYKKAG,0
533,EAEKQLQQYAESREL,1
534,FAGLKFADY,1
535,LRYSTGTVSG,1
536,AIKMGQYKESFAN,1
537,LGLLLLPLVVAFAS,0
538,LRFGSK,1
539,LQPYLQTLPVT,0
540,SGKSGDRS,0
541,EKKKKTTTIAVEV,1
542,EDFVFQFKGMCYFTN,1
543,FTLLTPGSHFICTKD,0
544,RREFEFYG,1
545,QTGMLQPN,0
546,ALKHLPNDPM,1
547,GKEACRSINPDEAVA,0
548,TTLLNPYF,1
549,PTPAPGPGRR,1
550,MSSSEEVSWISWF,1
551,HPNPSDDNPDDSRDT,0
552,EPVSQRAS,1
553,GTTLPK,0
554,QTSGSTTPGPTTTT,1
555,EEIKMDISKLNA,1
556,KPESDELTAEK,1
557,AEFIKNLSSI,1
558,LLFTMIFVTL,0
559,GYYYPSDPNT,0
560,AAVNPSDPLE,1
561,VEILRNFYFINRLTG,0
562,WSARDIQQWEYVP,0
563,AAEKLLEKVP,1
564,TVYFGFDKYD,1
565,SRRSAGGGAGP,0
566,DDCIAIGT,0
567,FYGPV,1
568,TGQLVHRF,1
569,AYIDFEMKI,1
570,VGLGNVNGVTL,0
571,TDVVRFN,0
572,LALGSP,0
573,NQVTGLD,1
574,HSWEMSEFHNYNL,1
575,DKAAAICFRNSMDT,1
576,LCKKNGG,0
577,MDEKPSDPTG,0
578,IELRFVLTKLRVI,1
579,PPNAPIL,1
580,RCSAEEATEGLMN,0
581,RIADSKE,0
582,KPAEDEWGK,1
583,GLLRSLLER,0
584,LHPERVNVFDY,1
585,DKPKYEQGGN,1
586,AFLLYQEPVL,1
587,NCTYFCG,0
588,FQCDICKKTFKN,0
589,EQDRKPRN,1
590,EQEGPEYWDRNTQIY,0
591,GQGKTLGISGFS,0
592,EELCHEKE,0
593,NWGGTEKPLPVDM,1
594,MKNYLSFGMFALL,1
595,GSLYNDSLSTND,0
596,SNYDD,1
597,NEESWTWVLKEC,0
598,AFNQFGPNAGQR,1
599,VEDGECYIQF,1
600,NFEKL,1
601,FVNCSTLPA,0
602,GSTSAHMPWDEFP,1
603,MKPPPRRPPGNI,0
604,FEYQD,1
605,AFAGCVEPYTDCN,1
606,LGPALLLLL,1
607,DPLAQQS,1
608,VRAMAIYKQSQH,0
609,NNIKSSICDIPPKG,1
610,STFLL,0
611,TTCFRDNKD,0
612,KKVTRTILAI,0
613,KYFHARGNYDAAKR,0
614,GRLRGLFTNPGSW,1
615,LPPDDEAGLQP,0
616,GQGEGLKYLG,0
617,SEAFTVNFGDTEEAK,0
618,NKAPESEELEM,1
619,KPEPKKDDAK,1
620,SAISVARTLLVF,1
621,ELYGPSMRPL,1
622,PYKTGK,0
623,IIIVII,0
624,TEQDQEPSEAT,0
625,IFFYDPITGGGS,1
626,KDIDMFSMCEHHL,1
627,DDEMTGYVATRWY,1
628,IEKKLPGF,0
629,GVKGSSIAADQLPNV,1
630,YWKFQ,0
631,SSKSDKHKEGTD,0
632,LGAHDLGERESTRQ,1
633,HQNILRVAQ,1
634,VRFFACPSKATFSR,0
635,SNFLNCYV,0
636,THISKGTLG,0
637,MKDYRGWKHWVY,0
638,PKCCDF,1
639,DSVPKWDRLPC,1
640,PHVKPAALAEQPG,1
641,GRRGARPGG,0
642,QKRDPKTN,1
643,DLLKEKQSVER,0
644,GIKYMVIQGEAG,0
645,RQVGALGAESRFP,1
646,SSTSGGGGGG,1
647,GMSLNQSTRDISYMG,1
648,IRGERA,1
649,LSKQAVA,0
650,FIDSYICQV,1
651,SMREEYRK,0
652,YLLEMLWRL,1
653,ESSDLVIGAYIDGH,0
654,TPEVKAEDLQPAVD,1
655,PRSMRMHFTY,0
656,ARLSDL,0
657,TQEFGIPIER,0
658,THTNNTQNN,1
659,LTLPPGATVEHML,0
660,IQVYRSDVPVN,1
661,SDARENIQRFFGHG,1
662,AHRET,1
663,SHFND,1
664,YVHRDLRAAN,1
665,TMPFSSLPPTDE,0
666,HGIVTNWDDMEKIWH,1
667,DLIFFWKSIN,0
668,VKPNIEQELIK,0
669,AADGQSATA,1
670,RPPNPPK,1
671,APIRR,1
672,SEQSKEVYYE,0
673,VTRSYRSVGGSGG,0
674,ASSKGERLSARL,0
675,DLENLEKQFDIKFD,1
676,PACGK,0
677,KLVYRDDF,0
678,DERILSILRHQNLL,1
679,GSFTIKSDVWSFG,0
680,VPPALADFI,1
681,NLDHI,1
682,AKSKNHTTHN,1
683,LVKEEQATTIFQS,1
684,PGSEYT,1
685,SPPEWLK,1
686,SYDGTPEKPQ,1
687,GYLEQL,1
688,LLELSASPNVTL,0
689,EENVEENV,1
690,ELEPPFG,1
691,SDVFSKYQLDK,0
692,MNTTANPSNIIVG,1
693,GLALSL,1
694,YKMFM,0
695,QAAYDK,0
696,AGNYR,1
697,QLQQGDQVWVEKD,0
698,DDEVTVTEDKINA,1
699,GYAFIEF,0
700,QTCREEHK,0
701,NAKAYVGNLINH,0
702,FCCFAW,0
703,SLAELLNAGLGGS,1
704,LKYYLAPK,0
705,DLFSYGFDGLHLW,1
706,YALKRQGRTLYG,1
707,ATNQFLA,0
708,YKALSTDATCAKC,0
709,GEGDVFYGKE,0
710,MSYTAQLV,0
711,RPMIHF,1
712,ERDRLGI,0
713,YGANLE,1
714,AAASLAAIAIAFLAG,1
715,QVLQE,0
716,GNYKLNTD,1
717,AIERMKDTLR,1
718,TDVRYKD,1
719,DYPSLSATDI,1
720,MKGVVCTRIYEKV,1
721,QEFLRYQQQS,0
722,KDIAA,0
723,APKEAELD,1
724,LVIPENAKEK,0
725,QKTDEDD,1
726,HRPLF,1
727,VKKNYKASKPTASG,0
728,MGLGPVFL,1
729,QMRIEI,0
730,SHLGLA,1
731,KLWLKPYVDLQAY,1
732,PVKGVPQPN,0
733,VVLAADNV,0
734,ATPVNAFYQGCMEV,0
735,GRHYS,0
736,VHPQDGDA,1
737,TLNPTIA,1
738,RSLEYQVDA,0
739,TDDEKY,1
740,VTQLMATFIQLVG,0
741,VKAKVQP,1
742,QARQQKNLEFSDK,1
743,DLVKKTWST,0
744,RLNNSKQGFIGA,1
745,GLLECCAR,1
746,ESYSVYVYK,1
747,FALSRGFGSG,1
748,EKTRTVDASGKR,1
749,TVGLT,0
750,EDKGPQDPQA,1
751,SPSAAE,1
752,YVVSINMT,0
753,TSLNDRQGNATK,1
754,HAALQDIGKN,0
755,TKFEQIEKCCKRNDE,0
756,KRDGYIV,1
757,STIDYFQPNNKR,1
758,IPPPYV,1
759,YILTITPGLCFSP,0
760,PSNPRNPTKDG,0
761,KEDPQTFYYAVAVV,0
762,AASAYCSTWD,1
763,RKLVNGKMVAECK,0
764,SCGGGGYGGSGD,0
765,PVQMM,0
766,PGGRPTTAPSA,1
767,TSQDGNNHQFT,1
768,EAEEDGDLQ,1
769,EVGDVNVEEVIDT,0
770,FLDLMRAVA,1
771,LWDQTYGVPD,1
772,LTDYS,0
773,FQIHGPR,1
774,SGVQANNKLLYD,0
775,FLGARSPSLEFDDDA,1
776,SLLMWITQC,1
777,ERVIQPTSGM,0
778,YVRPSQWSSI,0
779,QRFGDI,1
780,TRSPSP,1
781,DQLNNFR,0
782,GPRRR,1
783,GPRYCNKDES,0
784,RGTDEYFIRKPP,1
785,DWGAWQKFTASA,1
786,VSQFP,0
787,SGVLQYLSY,1
788,GVYYTSD,0
789,KETEENKTKGFDY,0
790,AREVFENT,0
791,KLAELKRQLA,0
792,GHETQI,1
793,GTTLPK,1
794,FFKNIVTPRT,0
795,ENTNIT,1
796,AGAVIRGKKGSG,1
797,QEGRTTKQ,0
798,VTWNPHKMMGVLLQC,1
799,LFGKTVPKT,0
800,GQDLLFTNQL,0
801,ADGLAVIGVLMK,1
802,TTDLY,0
803,EVWREEAYHACDIKD,1
804,GDKSEM,0
805,SEYAHLQWTLQ,0
806,TPGALLMLLGAL,0
807,SSNAGGGGGGA,1
808,TPVCKNLDTLWKL,0
809,VFNIYWNV,0
810,DADGPGGPG,0
811,ILYAVFK,1
812,ADQPENHQALAEPV,1
813,LHRFWH,0
814,AEPPFG,1
815,ASDILTTL,0
816,ARNLLFEG,0
817,FLEGVR,1
818,ETIYNTTLKY,1
819,TQDSN,0
820,MVLTLL,0
821,HGFTEQNSG,1
822,AQGHRPQDE,1
823,KSLDTQP,1
824,EQRGELAIKDANAKL,0
825,LNFGRSYFDPA,1
826,KLAFLHEKVFTS,0
827,CCSLRVE,1
828,FSIDPQYPGAS,0
829,GHLGARIQR,1
830,CLLVVAVG,0
831,RGLSSFVRESRR,0
832,SLRIECFP,0
833,FDKVK,1
834,PPYVEPTAPQVL,1
835,IINYEYA,0
836,SVYGATLE,1
837,PDGAAAGGG,1
838,MEPEGESYEDPPQ,1
839,EQWREAFQTAY,1
840,VAAPSWLHRFIIG,0
841,FKEHSTQDGDSF,0
842,DIEQFSTVKGVNL,1
843,IVAVLLVLTCCFC,0
844,RLRLEARLGHL,0
845,TQEGGKKAALGA,1
846,FGPHYFLNNP,1
847,RYYHNELTYRDLEN,0
848,GPRLQPY,1
849,ERPTGNPDLLKIA,1
850,IAGARAQGIP,0
851,IQLARRIRGERA,1
852,YRLRGKLRAEIENLH,0
853,TNGTSGRTPVL,1
854,HEYIYVDPMQLPY,1
855,DVVGVGRL,1
856,GLKGQPGA,0
857,GPAFHER,1
858,TAIYIAC,0
859,VTILALTLPF,0
860,RLAAELL,0
861,SPSGSEDKGNPA,0
862,DQVYRQRRKLIAEI,0
863,CNPAC,1
864,EDQMAEPQNFE,0
865,APPEYMEAIYPVRSN,1
866,NRGDQSTDYGIFQ,0
867,KDKGDCERNK,1
868,IHIQG,0
869,IHPTAKVAPSA,1
870,GGGAGGAGGG,1
871,SDIVERDPSS,0
872,TGTGKHWVAIF,0
873,VPLCVSPSTAPA,0
874,LQAEAPSLG,1
875,AMEGKDFNYEYV,0
876,PEVIRMQDNNP,1
877,DRSGGGYGGD,0
878,VMLLGHDD,0
879,CGRNAYC,1
880,MEGQHNYLCAGRN,1
881,KQGSEKTNVDIEKVM,0
882,HSITVALNI,0
883,SFKVKIKVRQA,0
884,YQPTVDELHFL,0
885,TKPLKAFTVCLH,1
886,FYTATESQYQQQP,1
887,SMPQEEQELVVT,0
888,IRGDTFATR,1
889,QVMGQGGSPTAMAAS,0
890,ILRTQESEC,1
891,LARGPPARLGGEG,0
892,TAVLEKDAVCSSS,0
893,GRTDRPSA,1
894,NARGNLA,0
895,AVKGFR,1
896,ADMYFSTE,1
897,VTQTMK,0
898,SKVVSTDE,0
899,YPCQYSDEGQSN,0
900,AAHASARQQWELQGD,1
901,VDPFPVLANEG,0
902,ILPWKWPWWPWRR,1
903,TGLCFFGV,0
904,WSFADGN,1
905,PQSVGPLSVGP,0
906,WRAESD,0
907,WNGSGSGGGGG,1
908,KAAATQKKVER,1
909,TLLRAAGVRDQDV,1
910,SYNPATAKEIIN,0
911,FDSLPSSPSSATP,1
912,NCTQGCNGPTSHD,0
913,IENMDDLQKG,1
914,TDHYLQWNVSE,1
915,SASFT,1
916,FEDVNGIRRP,1
917,RVGYYGD,0
918,WAARYP,0
919,IKISMRKDKGMSLNQ,0
920,TGYGSKTSLASS,1
921,TPSRIRKAKLSSPMT,0
922,KIPAVF,1
923,ERKEQREEFEHNLM,1
924,TILLNSPGPFPFI,0
925,VHDPERPLLR,0
926,SEKEAENY,0
927,CPPLELKN,1
928,AAAAVDTGSGGG,1
929,FAKNDLA,1
930,QMCAGYLFQPDKQYD,0
931,GIKITHFTTWTSI,1
932,VYDHSGE,0
933,SSGGGGGGG,1
934,PLTLEL,1
935,ESKLRREF,0
936,KEWEQIYR,1
937,NRAVAIL,0
938,EEERCLPKR,0
939,RPLIH,0
940,NSPSTTPPTVT,1
941,DPPERPDSP,1
942,TYHGIP,1
943,DKFENM,0
944,GGYDRYS,1
945,AAVRSPAQIL,1
946,SVTVRQDLER,0
947,QTKILAKVFY,1
948,AMGIMNSFVN,0
949,PPGVDPTQVSSSL,0
950,VTDDSSFLGGGG,1
951,TSYNCCRSCN,1
952,PSDRAS,0
953,SPNGRSPKRRR,1
954,MEAPLNSAVPSA,1
955,QSRVRPPFGTEDTSL,0
956,SPIYDINYYT,1
957,GYPKNPEEAYAD,1
958,PPPPPRTP,1
959,SNSWF,1
960,PFFPFHSPSRLFD,1
961,IIINSCTV,1
962,DGTYLGQAY,0
963,TSDLETKRSITHDT,0
964,SNPKLRTV,0
965,SNEVSSPEIIRQHL,0
966,HKAFKGSI,1
967,ETPLMNED,1
968,CLEYFPSQMLRTGNN,1
969,EVETPIRN,1
970,QDFTNRINKLKNS,1
971,ATANAIAGILFL,0
972,FLAKQCRSVLCC,0
973,HKDSKLVT,0
974,KKKEGKISSKTA,1
975,NMQLANTE,0
976,DNKEER,1
977,KNILVRCTPTEIT,0
978,LAETTEDFWRMLW,1
979,AAAREEEEPHEQEHN,1
980,QDLLNVKMALDIEIA,1
981,IRKLPF,0
982,YRPPNAPIL,1
983,ALDITLPMPPR,1
984,LTPLEELY,1
985,CKQAGTCP,1
986,LTERYGG,1
987,PQKCSPQSLT,0
988,ELATSHKPR,1
989,PNCQGLMHLQGK,0
990,TFALRRYD,0
991,SQRSQDEN,1
992,SEAPQ,1
993,GRQGRL,1
994,RPLSDKG,1
995,YSFRD,1
996,IAVSSIQKAKGYQ,1
997,REHDVPMAD,0
998,SVSELACIYSALI,0
999,VPSNGSD,0
1000,GLEFSKTSSSKA,1
1001,DNIGNANIGFGN,1
1002,IVDDRGR,0
1003,QGGSGMAS,0
1004,AYLED,1
1005,GTPQFNNRS,0
1006,AGDGTTTATVLA,0
1007,KLPGKF,1
1008,CPADWIW,0
1009,RHRSSSTRSGGGD,0
1010,KKGSKKAVTKA,1
1011,DDLVGAGVIDAVA,1
1012,NETPEV,0
1013,ESKAQVLFFLVIM,0
1014,VGGGGGGAGIG,1
1015,AEKDHSLRGDN,1
1016,ACGYKDVDKP,1
1017,VGCIMAELLQGKA,0
1018,AHELGHNLGMKH,1
1019,AFRRYQEER,1
1020,GPKYSC,1
1021,DHSTLDGY,0
1022,RAKAVKQFE,1
1023,AEDTVKSIELAE,1
1024,GYMLGSAMSRP,1
1025,AAAMCMVV,1
1026,VKSDVWSLGITMI,0
1027,PKIFFRKMSSSGAKD,0
1028,VAAKIYRNLY,0
1029,ISKQEYDAAVTAK,1
1030,VGVAPG,1
1031,HHLNNLQ,0
1032,NVQSVRVEGHTDFMG,0
1033,GPHRTIHHASAPLTD,0
1034,EESKESATAE,1
1035,DHRGY,1
1036,AGYYVTPNAKVFAEF,1
1037,VITRRKCDGCRLKK,0
1038,IQEKFLKTTH,0
1039,MAKYNQLLR,0
1040,DNRRQGGRERLA,1
1041,NEHPTWNK,1
1042,LHRPALTS,0
1043,KKGAKLAALQGS,1
1044,KLQPAEIETCMKTIT,1
1045,SLLTF,0
1046,RRVMTKRQPFMSSV,0
1047,PPPVDYLYQT,1
1048,INQDPDKILTY,1
1049,AIDWIN,0
1050,KIECVSAETTEDCI,1
1051,APGMRPP,1
1052,EAPSKQDKPVEN,1
1053,LLSVLF,0
1054,HAVCTAGC,0
1055,MKVRKSSTQEEIK,1
1056,IRKNIV,0
1057,RNPSDK,1
1058,SKKRRK,0
1059,NTLRNSGFDVQ,0
1060,ERQDHR,0
1061,AENCYNLEIKKPDGS,1
1062,HTGKSADYVNLA,1
1063,VKSTP,1
1064,EIYRKYFGNRP,1
1065,KTYKKTASSA,1
1066,ALENKR,1
1067,TLRKCFSEGEKV,0
1068,IYHGTDPDDVQFYTI,0
1069,PPRRVS,1
1070,KEGFPI,0
1071,HIDSQKKA,1
1072,VGATLYP,0
1073,TDGLSDFLKSQT,0
1074,VIKARMMEY,1
1075,EGLKPAAPSA,1
1076,HGYFTEVYYQLESTQ,0
1077,GINGFGRIGR,0
1078,WNSQKDILEQARA,1
1079,TVETKTVTA,0
1080,SEFPI,0
1081,ASMNPARSFGPAV,0
1082,AKYDP,0
1083,IRFKDDTSFE,0
1084,PAFDNLYYWDQDP,1
1085,DKATV,1
1086,DGRGPMTGSS,1
1087,SYVKRSQGRIPVK,0
1088,DPKRTIQKKS,1
1089,FEVFNFVPCSIC,1
1090,ELQIAKDERYGS,1
1091,PTKEFFREA,1
1092,STNKPEAS,0
1093,SHCYMTSLGILF,0
1094,LVVNKIRGT,0
1095,CILDTSNPV,0
1096,APETEK,1
1097,WVALWPPRR,0
1098,QSPSAMPQFD,0
1099,AMYLQMEHVV,0
1100,EGDIVKR,1
1101,EFKHGKAPI,0
1102,GDGANAGQ,1
1103,VWKPSPQVTV,0
1104,IFKTDLRSSSQVV,0
1105,LGGLPTELISSAGGQ,0
1106,AIIGA,0
1107,GDVQPAEVVAAAR,1
1108,GAPGPAGA,1
1109,AGMVSTGLIQNGD,0
1110,AHYNPPPPIEFT,1
1111,QCAGKVLPALSPA,1
1112,RGRNL,0
1113,EEEEEAYGWMDFG,1
1114,HDYVPYDRGENFAF,1
1115,RNSDFFDGQAP,0
1116,IIHRDLKPSNLAV,0
1117,TPTPG,0
1118,EVSEKII,1
1119,EEADDDMGFGLFD,1
1120,CLVYVQLPFM,0
1121,HHKMLH,0
1122,GLQLYFS,1
1123,CRNGQWSEPPKCLHP,1
1124,AACDPRHGRYLTVA,1
1125,FTHQGSDFGPI,1
1126,QDPNSFAEY,1
1127,LSELEAALQRAKQDM,1
1128,ALLLLKDF,0
1129,FTRGLS,0
1130,KLASVPA,0
1131,KRVVIN,1
1132,FGLDREPPRSPQS,0
1133,VELLSFLPS,0
1134,SPLLEGN,0
1135,PGKSS,0
1136,PGPCGPRGKPGKDGK,0
1137,DGTYR,1
1138,TDRCCFVHD,0
1139,LLVSLLAFLGSGS,0
1140,GGGGGGGAG,1
1141,LVERDHKNEFCE,0
1142,KTTIPEEEEEEEEE,0
1143,DHTPPMPSIGLE,1
1144,FVRIQRKKE,0
1145,IIDPTKVVRT,0
1146,GIFGFT,0
1147,LPLDKQFFVEKLP,0
1148,TDSPRNPVTR,1
1149,HNFHQLSAPQPC,0
1150,KILPEVKEKH,1
1151,DVRDLQNK,1
1152,TATGIVDLGSK,0
1153,DVVNVSIPVSDCL,1
1154,IEPDGS,1
1155,QEVLFKGFEAVS,0
1156,SLYSFPEPEA,1
1157,SQASSK,0
1158,GSGQNEESPR,0
1159,QNPNLHKSLASS,1
1160,KNDIYELS,0
1161,GGRRLFFVKAHVRES,1
1162,MVNKSRMMPAV,1
1163,CNAEVYVVPWEKK,1
1164,AKNAGVEGSL,1
1165,PPRYA,1
1166,DLIQEG,1
1167,KSSLL,1
1168,HKFQVKI,0
1169,IAATAS,0
1170,KIREEYPDRIMNT,0
1171,SAGCGGGGGAG,1
1172,CLKFYSKI,0
1173,GDFTQGPQSAKTR,1
1174,QKVLI,0
1175,RESRGIADHP,0
1176,TPDAPGETV,1
1177,QWLRKKACDVL,0
1178,TLRRV,0
1179,AAGSWCVPKPGV,1
1180,AASSPFIV,1
1181,PDGNGTYQ,0
1182,VCFYGH,0
1183,GFVDGLRDLTTTER,1
1184,EYFIRK,1
1185,FLVSPLIISHEIN,1
1186,NLALQT,0
1187,GPKRR,1
1188,QGILERV,1
1189,VPVLHQDADIV,0
1190,QVVSLKPE,0
1191,GTLSKIFKL,0
1192,PFIPVEVLVD,0
1193,KWVNGREI,1
1194,FRNTLEGFASP,0
1195,ATLKNGRKI,0
1196,FACPGANQGQ,0
1197,VENSDESMCIDNEA,0
1198,LAEMYGGGESDKD,1
1199,GTYETGNK,1
1200,TQDENPVVHF,1
1201,ESEGKGSTFAKA,1
1202,KKRPQRATSNVFA,0
1203,GPWLEEEEEAYGW,0
1204,AGGPAAPAPPQL,0
1205,AENRLQTMKEELD,1
1206,GVILYAESID,0
1207,NTEGKGTAYSSA,1
1208,HFRGEIEE,1
1209,EEYSIGSSSEES,0
1210,VLGWV,1
1211,GDAAPAIQHI,0
1212,KKRARDPEMGGKQ,1
1213,LPKIFFRKMSSSGAK,1
1214,KSNFELDPIKRQDI,0
1215,KVTREGQKG,0
1216,PGETNCYKKVWRD,0
1217,LDSSEFLK,0
1218,GARDDLMVNNAGLVC,0
1219,AASIGETIID,1
1220,ITVTI,0
1221,ILNANTARV,1
1222,ATIRR,1
1223,CKVMVHDPHSLA,1
1224,KGNRTESQG,0
1225,VNNESSEVI,1
1226,TGKHG,1
1227,MPTPDATTPQAKGF,1
1228,QTRCIRAFPN,0
1229,GLSMAASSALTL,1
1230,IIGEPTAGGALSV,0
1231,AAPETSAPVN,0
1232,KDKATF,1
1233,GDLNHLVSATMSGV,0
1234,LDKIGLHSDSQEEL,1
1235,GSSAAGLVFLIAV,0
1236,SKYGLDRIVWDD,0
1237,GNVTSIHSLLD,0
1238,NKFTQYGLVVQAC,0
1239,TEREFVYSERSGLL,0
1240,LPING,0
1241,GYQELLEK,1
1242,LAALAVAV,0
1243,GGGPGAPHEGPL,0
1244,AVTNST,0
1245,QLQKIDKSEGRFH,0
1246,WVPTGRT,0
1247,EEKQPKKQ,0
1248,GTTTLSES,1
1249,QPAVDDSVEHSSSE,0
1250,ILDEAYVMASVDN,1
1251,HRYSQFMGIFE,0
1252,FILFFGTYSMTL,0
1253,QSGEFMFDFDGDE,0
1254,SPAAKTG,1
1255,QWWNMPSPSVDPY,1
1256,SVSPSRDSSVPGS,0
1257,MQEADISGYIS,0
1258,AFPLEF,1
1259,AGARKYAN,1
1260,LRSPIERKNAV,1
1261,NQGSGAGR,0
1262,KNKDLADK,1
1263,MEAVASKFRESMLKD,0
1264,LIALSLATMIF,0
1265,RYRPGTVALREI,0
1266,CCHPA,1
1267,YVVKSFDRS,0
1268,YGDKWLDAKSTFY,0
1269,SLLRRQVNEV,0
1270,AEGLYSMLVERD,1
1271,IKYNGEEYL,1
1272,VLEYLVS,0
1273,CLCDFGLSLRLDP,0
1274,MDGVASM,0
1275,IFLGLGLIIRQRSQK,0
1276,FLGELTSSEVATEV,1
1277,ADEPNNLNSK,1
1278,YFIGNLALSDLLA,0
1279,KFNPDLAPG,1
1280,ESRGDQDQ,1
1281,ADRYFTYEEPND,1
1282,YGKDVKDLFDYAQE,1
1283,YAPLGTVYRELQK,0
1284,QPLPAATWTDDTPTG,0
1285,FGISETQAEAILE,1
1286,KSYISSQT,0
1287,KGAREKATPFPS,1
1288,KLTYCPVKALGEPI,0
1289,RQHLCCGRFRL,0
1290,LYWFTLY,1
1291,IRHQRSQTECG,1
1292,VAGRGRGR,0
1293,EYDLNVKGWLLQDEN,0
1294,NAAAAALDKKQRNFD,1
1295,LLPSRRGDQLTL,1
1296,KKGKKKDP,1
1297,GQASTDYIYDT,0
1298,TMGGKGGDFYTV,0
1299,VREQDELPALSQEI,1
1300,PVVDGIL,1
1301,STKAAKKPEAKREAI,1
1302,KLNQALLDL,0
1303,DSLPLDTL,1
1304,FDHNDFG,0
1305,ARDVLAVVSK,1
1306,FVYGGCQGNN,1
1307,PQDASDRCCFEHDC,0
1308,KVVIDGKDQNV,1
1309,FQTFEGD,1
1310,LGGSSATPVQQA,0
1311,LKFVEQNE,1
1312,NQQERA,0
1313,GVIICGEGT,1
1314,PQGGG,0
1315,SKRGILTLKYPIEHG,0
1316,PIHSSCNATQR,0
1317,ITLPDFTGDLR,1
1318,VSLVAETAERVLE,0
1319,AVIIDV,0
1320,YNIYSEKEK,1
1321,FLCLQYRLRGKLRAE,1
1322,LCLKI,1
1323,RPPSAGP,1
1324,SERQPSL,1
1325,ISGDDC,0
1326,AYNRYRIG,0
1327,SCIIFGIVIVGMF,0
1328,LNEVEKVLVRMKE,0
1329,AFGTSSDVEFNCTAD,0
1330,SDLWKLLPENNV,1
1331,VTDFPTDLPAT,0
1332,RANERGHQTHTD,0
1333,ADPLDDADDETSSLP,1
1334,QQQQQQQQQQQEQQ,0
1335,DHKLVPVAFGVKK,0
1336,HLDEFKRIWAEYD,0
1337,TKGENFTETD,1
1338,ADHVASYGVNLYQSY,1
1339,GQHGHMHG,1
1340,CPACRLRKCCQAG,0
1341,KALSVTLPS,0
1342,SILEEQQRQQQQQQ,1
1343,SYQEEAAVELKVED,1
1344,MGLVHIPTNGSWQ,0
1345,SPDYPFKPPKVT,0
1346,RAPEVLNWTG,0
1347,QETQFIAVTAYQ,0
1348,YAQEKGFAIPAINV,0
1349,VNPMP,0
1350,LQHLENELTHDIITK,1
1351,TAAALAYGL,0
1352,FEEETESSASSES,1
1353,YDGPR,1
1354,RALKRRNARTKAR,1
1355,PNANPNANPN,0
1356,NLEIIRGRTKQHG,0
1357,ALEVIVTLSETA,0
1358,GCGCSSHPEDDWM,1
1359,CGKCLSVTNT,0
1360,YNPYTRSIQILKD,1
1361,VLGAAIVTGAVV,0
1362,VGAARNACINWNQY,1
1363,HNYFEWPPHALLVRQ,0
1364,EQQRGKGSFPAM,1
1365,SALLED,1
1366,READVEPMV,0
1367,FREYEYDLKWEFP,1
1368,RPLNRDDVAHRVV,0
1369,SLLRGPSWDPFRD,1
1370,LSRCMHE,0
1371,KLFESVE,0
1372,HLKDSDEEEN,0
1373,RKPPSGKK,1
1374,GGSAGGGAGGA,1
1375,VREDL,0
1376,RPNHTIY,0
1377,VGADFVYGGTK,1
1378,KFLIL,0
1379,EGKGGSD,0
1380,ISKDEPLFLQAR,0
1381,DLKRLRDPL,0
1382,AANACRYWPTGRGIY,1
1383,EPVPDDLPALSQET,1
1384,DQALGKLE,0
1385,SSCGPSYGSQ,1
1386,PQQLPQ,1
1387,EASNCF,1
1388,KPVSIN,0
1389,VVPVAARLLLE,1
1390,TYLTEPILTEEHF,1
1391,FKEAFMLFDR,0
1392,LPLLQSWMHQ,0
1393,DAAPAENK,0
1394,ITKKD,0
1395,AEIRGLEG,1
1396,AESPKKP,1
1397,EGNFHYINLI,0
1398,AWGDK,1
1399,KNPDFKVFR,0
1400,CITTIYKTG,1
1401,RFADIDTVIHA,1
1402,THDAPIRCVE,1
1403,FQSQPPPGVPQG,1
1404,FKGQEDLGNGL,1
1405,DEEMTGYVATRWY,1
1406,VGTLPATSPQS,0
1407,EEQEGFADGF,0
1408,GSHSMRYFYTSVSRP,1
1409,IHFGNDYEDRY,0
1410,QVKQVRDECQCEAI,0
1411,GRPGRRGRPGLKG,1
1412,FVFEEF,1
1413,GPPAA,1
1414,LNVTEDAAIYMG,0
1415,GNGCFEFYHK,0
1416,PDGDAGGGGGAG,1
1417,GRGDSVVYGLR,1
1418,GDRSGYSS,1
1419,YVGAR,0
1420,HLVEALYLV,1
1421,LSICK,0
1422,EYLNRHLHTW,0
1423,IPAGVPM,0
1424,FIDEPRRRPI,1
1425,QGEDQPVLLK,1
1426,FSRAYPTPLR,1
1427,VVNNVARCS,0
1428,VIAKDLLPSRDRQ,0
1429,EPEGIHYHDKFE,1
1430,EIENFGAQHSTTLFK,0
1431,FLAGLT,0
1432,ADATCTEED,1
1433,MDQPSRDGR,0
1434,SRIFRGDN,1
1435,CPPLELIN,1
1436,GGGAGGGGGA,1
1437,STEGNVTGMFA,1
1438,RDSPEDFV,1
1439,LDWNTDAASLI,0
1440,GKQYWLITAFHAK,1
1441,RWDPEVNCSMAQIQL,0
1442,PAVPVIKTP,0
1443,VLETEGDQE,0
1444,THGKFHGTVKAENGK,0
1445,KGNLIGKMNI,0
1446,GYTEDEIV,1
1447,ADARM,1
1448,KSVAF,0
1449,SHSHTVTNRSSTD,1
1450,ENDMTLNTSRR,0
1451,NYLVVTREVDPTAN,0
1452,EFKDPS,1
1453,FNIHSGNGSLYTS,0
1454,SNNPDWD,0
1455,GGIHEDYQLPYYD,1
1456,FDKQTGQVCCHVPQ,0
1457,IDMIK,0
1458,DTKIEVAHF,1
1459,GQAEP,1
1460,HEHHGVYNQG,1
1461,STFYGKPTGAGPK,1
1462,VAVVDLNKDGW,1
1463,VLMYGSELDADHP,0
1464,CTTAVPWN,1
1465,EVKLGR,0
1466,ERKRR,1
1467,AWTIVRVEILRNFYF,1
1468,AGAFSAANATP,0
1469,RDCTQP,0
1470,QLTKCEVFRELKD,0
1471,CGRMACSPTHDEH,1
1472,CRACYEIKCK,0
1473,RHGLKR,1
1474,VLRVSHAE,0
1475,QVATISAN,1
1476,EGPEYGKPD,0
1477,SSTKNLIY,1
1478,CSEKLDQWLCEKL,1
1479,AVDSEAGHVG,0
1480,TSAPGRGGRGGG,1
1481,EFDEAGT,0
1482,VAYNMYINGELDFL,1
1483,APDPPLSRR,1
1484,VKYTS,1
1485,QSLGTSLSQYAFG,0
1486,TISKGAAPSASS,1
1487,ASAASLTDMGGS,0
1488,MASLIYRQLL,1
1489,HPTPLALG,0
1490,VDQTSECFSSPS,0
1491,FGSGGGGGGTG,1
1492,DVSILI,0
1493,SSWQD,0
1494,PTPGKGPADR,1
1495,AFVSK,0
1496,PMLPIGLSDIPGE,0
1497,LYQDVNC,1
1498,PMGGHMP,0
1499,SRKESYSVYVY,0
1500,SIAATSFSEDTLKK,0
1501,EVGKVA,1
1502,NNSLSPLHAS,0
1503,VVSEPLGRNS,1
1504,YRDEVSFARIAK,0
1505,YSKDDALETDEL,1
1506,FDKHMNL,1
1507,PTGARTFGER,0
1508,KSMTDIYLLN,0
1509,IVRNRIAEDLS,0
1510,RLIVMNVAEKHRG,0
1511,NLKKYFN,0
1512,WTFQILVM,0
1513,PQYYLAEPWQF,0
